{
  "silhouette_score": 0.04544603352574017,
  "intra_label_similarity": {
    "1": 0.04184084626222517,
    "4": NaN,
    "2": 0.04570569357755083,
    "0": 0.12151663912340478,
    "3": 0.46992869723128705
  },
  "overall_avg_intra_label_similarity": 0.16974796904861694,
  "topic_coherence": 0.3574140779809707,
  "nmi_kmeans": 0.5455316486635406
}